"Id","Date","Slug","Title","CategoryIds","Categories","Destination","FeaturedMediaId"
"6667","2023-06-20T19:54:33","eu-nao-entendi","Eu não entendi","41,45","Bruna | Pensamentos","Sanaka","6696"
"6662","2022-09-16T21:53:53","medo-de-barata","Medo de Barata","41,45","Bruna | Pensamentos","Sanaka","6696"
"6648","2022-08-06T19:26:52","sintese","Síntese","41,45","Bruna | Pensamentos","Sanaka","6696"
"6270","2022-06-14T13:37:59","acordar","I . • Acordar","41,46","Bruna | De Preto","Shared","6695"
"6120","2019-04-23T11:41:54","oh-no-no-lo-ves","Oh, no, no lo ves","43","Romance","WoD","6453"
"6208","2019-04-22T11:59:37","red-rose","Red Rose","43","Romance","WoD","6453"
"6210","2019-04-21T12:14:27","theyll-tell-you-im-insane","They’ll Tell You I’m Insane","43","Romance","WoD","6453"
"6212","2019-04-20T09:39:41","the-truth-runs-wild","The Truth Runs Wild","43","Romance","WoD","6453"
"6063","2018-08-25T17:40:47","grimoire","Grimoire","43","Romance","WoD","6453"
"6067","2018-08-24T17:44:08","beautiful-ones","Beautiful Ones","43","Romance","WoD","6453"
"6116","2018-08-24T05:10:38","her-words","Her Words","43","Romance","WoD","6453"
"6069","2018-08-23T21:04:39","going-nowhere","Going Nowhere","43","Romance","WoD","6453"
"6071","2018-08-21T21:24:58","should-eat-my-feelings","Should Eat My Feelings","43","Romance","WoD","6453"
"6073","2018-08-20T21:55:26","right-time-wrong-place","Right Time Wrong Place","43","Romance","WoD","6453"
"6082","2018-08-19T21:37:34","crossing-the-atlantic","Crossing the Atlantic","43","Romance","WoD","6453"
"6084","2018-08-18T21:48:48","undercover","Undercover","43","Romance","WoD","6453"
"6077","2018-08-17T21:54:48","you-said-i-wouldve-hit-the-ceiling","You Said I Would’ve Hit The Ceiling","43","Romance","WoD","6453"
"6088","2018-08-16T22:01:12","little-black-cloud","Little Black Cloud","43","Romance","WoD","6453"
"6090","2018-08-15T23:01:46","the-wolf-and-the-ghosts","The Wolf and The Ghosts","43","Romance","WoD","6453"
"6100","2018-08-14T19:16:33","glowing-eyes","Glowing Eyes","43","Romance","WoD","6453"
"5898","2018-07-08T02:15:50","pingo-de-prata","Pingo-de-Prata","43","Romance","WoD","6453"
"6092","2018-07-06T20:18:01","idol","Idol","43","Romance","WoD","6453"
"6105","2018-07-05T20:34:31","i-lied-to-be-someone-else-for-you","I Lied To Be Someone Else For You","43","Romance","WoD","6453"
"6114","2018-07-04T14:32:13","crawler","Crawler","43","Romance","WoD","6453"
"5822","2018-04-20T12:33:37","the-queen-is-dead","The Queen is Dead","43","Romance","WoD","6453"
"5828","2018-04-10T23:59:36","ferrari","Ferrari","43","Romance","WoD","6453"
"5816","2018-04-10T23:36:54","british-memories","British Memories","43","Romance","WoD","6453"
"5818","2018-04-09T12:54:40","life-and-death","Life and Death","43","Romance","WoD","6453"
"5825","2018-04-08T14:07:12","real-friends","Real Friends","43","Romance","WoD","6453"
"5827","2018-04-07T18:44:30","scale-law","Scale Law","43","Romance","WoD","6453"
"5843","2018-04-06T22:27:53","dont-blame-me","Don’t Blame Me","43","Romance","WoD","6453"
"5836","2018-04-06T19:43:20","sweater-weather","Sweater Weather","43","Romance","WoD","6453"
"5845","2018-04-05T20:43:51","avenue","Avenue","43","Romance","WoD","6453"
"5850","2018-04-04T19:05:57","i-did-something-bad","I Did Something Bad","43","Romance","WoD","6453"
"5855","2018-04-03T19:41:18","hopeless","Hopeless","43","Romance","WoD","6453"
"5858","2018-04-02T19:53:33","baby-blue-love","Baby Blue Love","43","Romance","WoD","6453"
"5860","2018-04-01T20:25:58","your-baby-shes-mine","Your Baby, She’s Mine","43","Romance","WoD","6453"
"5863","2018-03-31T14:13:54","my-cherries-and-wine","My Cherries and Wine","43","Romance","WoD","6453"
"5284","2018-03-30T20:43:44","cherry","Cherry","43","Romance","WoD","6453"
"5867","2018-03-29T14:36:52","7th-element","7th Element","43","Romance","WoD","6453"
"5808","2018-03-27T14:54:27","ulibnis-i-togda-dusha-zajivyet","Ulibnis, I Togda Dusha Zajivyet","43","Romance","WoD","6453"
"5870","2018-03-26T15:06:03","daddy-issues","Daddy Issues","43","Romance","WoD","6453"
"5794","2018-03-19T01:42:19","hopeless-fountain-kingdom","Hopeless Fountain Kingdom","43","Romance","WoD","6453"
"5791","2018-03-19T01:38:12","lie","Lie","43","Romance","WoD","6453"
"5799","2018-03-18T00:48:05","who-are-you-in-the-dark","Who Are You In The Dark?","43","Romance","WoD","6453"
"5802","2018-03-18T00:00:44","honeymoon","Honeymoon","43","Romance","WoD","6453"
"5780","2018-03-17T01:39:00","softcore","Softcore","43","Romance","WoD","6453"
"5904","2018-03-07T19:08:32","the-bakery","The Bakery","43","Romance","WoD","6453"
"5907","2018-03-06T19:44:54","for-you","For You","43","Romance","WoD","6453"
"5763","2018-03-06T18:53:47","inside-out","Inside Out","43","Romance","WoD","6453"
"5761","2018-03-05T18:48:47","show-me-the-scary-parts","Show Me The Scary Parts","43","Romance","WoD","6453"
"5945","2018-03-04T23:58:34","never-be-the-same","Never Be the Same","43","Romance","WoD","6453"
"5721","2018-02-19T13:37:22","im-a-loser-baby","I’m a Loser, Baby","43","Romance","WoD","6453"
"5726","2018-02-19T03:27:54","consequences","Consequences","43","Romance","WoD","6453"
"5606","2018-02-16T03:07:44","little-monster","Little Monster","43","Romance","WoD","6453"
"5602","2018-02-04T16:47:05","assassin","Assassin","43","Romance","WoD","6453"
"5611","2018-02-03T13:32:46","end-game","End Game","43","Romance","WoD","6453"
"5509","2018-02-02T13:08:15","scared-to-be-lonely","Scared to Be Lonely","43","Romance","WoD","6453"
"5550","2018-02-01T01:38:56","dont-blame-me-love-made-me-crazy","Don’t Blame Me, Love Made Me Crazy","43","Romance","WoD","6453"
"5501","2018-01-31T16:10:46","mean","Mean","43","Romance","WoD","6453"
"5483","2018-01-28T19:36:07","sara","Sara","43","Romance","WoD","6453"
"5450","2018-01-27T18:37:10","worth-it","Worth It","43","Romance","WoD","6453"
"5404","2018-01-27T14:09:54","stand-my-ground","Stand My Ground","43","Romance","WoD","6453"
"5428","2018-01-24T12:30:29","brave-honest-beautiful","Brave, Honest, Beautiful","43","Romance","WoD","6453"
"5441","2018-01-23T17:25:41","new-rules","New Rules","43","Romance","WoD","6453"
"5438","2018-01-23T16:10:44","drawing-spells","Drawing Spells","43","Romance","WoD","6453"
"5418","2018-01-22T22:13:52","money-power-glory","Money Power Glory","43","Romance","WoD","6453"
"5395","2018-01-18T22:10:26","audition","Audition","43","Romance","WoD","6453"
"5379","2018-01-18T18:36:40","no-church-in-the-wild","No Church In The Wild","43","Romance","WoD","6453"
"5373","2018-01-16T17:21:45","eyes-closed","Eyes Closed","43","Romance","WoD","6453"
"5370","2018-01-15T13:15:20","everything-is-blue","Everything Is Blue","43","Romance","WoD","6453"
"5472","2018-01-14T21:31:25","holding-in-to-you","Holding In To You","43","Romance","WoD","6453"
"5342","2018-01-13T20:42:00","blue","Blue","43","Romance","WoD","6453"
"5340","2018-01-12T13:55:08","bad-blood","Bad Blood","43","Romance","WoD","6453"
"5310","2018-01-11T16:09:26","it-aint-over-til-its-over","It Ain’t Over ‘til It’s Over","43","Romance","WoD","6453"
"5300","2018-01-09T12:49:11","is-there-somewhere","Is There Somewhere","43","Romance","WoD","6453"
"5286","2018-01-08T16:55:37","artemis-hurricane","Ártemis Hurricane","43","Romance","WoD","6453"
"5280","2018-01-07T23:05:41","all-i-ask","All I Ask","43","Romance","WoD","6453"
"5256","2018-01-07T11:26:55","saurgate","Saurgate","43","Romance","WoD","6453"
"5223","2018-01-04T15:04:54","painted-on-my-heart-scrawled-upon-my-soul","Painted On My Heart, Scrawled Upon My Soul","43","Romance","WoD","6453"
"5215","2018-01-02T17:49:44","solsticio-de-verao-after-party","Solstício de Verão – After Party","43","Romance","WoD","6453"
"5178","2017-12-28T12:25:27","solsticio-de-verao","Solstício de Verão","43","Romance","WoD","6453"
"5194","2017-12-25T17:58:57","veronica","Veronica","43","Romance","WoD","6453"
"5192","2017-12-24T17:44:21","veronica-the-heart-wants-what-it-wants","Veronica – The Heart Wants What It Wants","43","Romance","WoD","6453"
"5189","2017-12-22T17:10:07","holding-on-to-you","Holding On To You","43","Romance","WoD","6453"
"5186","2017-12-21T16:33:18","ready-for-it","…Ready for It?","43","Romance","WoD","6453"
"5183","2017-12-20T16:24:18","cassian-na-na-na","Cassian – Na Na Na","43","Romance","WoD","6453"
"5127","2017-12-19T13:24:10","s-o-s","S.O.S","43","Romance","WoD","6453"
"5115","2017-12-15T00:41:53","mary-shelley","Mary Shelley","43","Romance","WoD","6453"
"5120","2017-12-14T22:47:10","give-your-heart-a-break","Give Your Heart A Break","43","Romance","WoD","6453"
"5201","2017-12-13T18:34:16","nothing-but-a-heartbeat","Nothing But a Heartbeat","43","Romance","WoD","6453"
"4518","2017-03-05T01:24:02","cazzo","Cazzo!","43","Romance","WoD","6453"
"4244","2016-07-06T13:09:20","labios-da-marylin-monroe","Dangerous Animals : Lábios da Marylin Monroe","43","Romance","WoD","6453"
"4232","2016-06-28T17:34:25","a-aguia-branca","Dangerous Animals : A Águia Branca","43","Romance","WoD","6453"
"4213","2016-06-27T18:57:10","respeitaras-o-territorio-do-proximo","Dangeous Animals : Respeitarás o Território do Próximo","43","Romance","WoD","6453"
"4210","2016-06-27T18:02:51","a-nossa-valsa","Dangerous Animals : A Nossa Valsa","43","Romance","WoD","6453"
"4207","2016-06-27T17:14:17","o-palacio-do-lobo-branco","Dangerous Animals : O Palácio do Lobo Branco","43","Romance","WoD","6453"
"4200","2016-06-27T16:29:22","deixando-a-toca","Dangerous Animals : Deixando a Toca","43","Romance","WoD","6453"
"2722","2016-05-02T13:34:18","garou","Dangerous Animals : Garou","43","Romance","WoD","6453"
